style_desc,Cluster
PATTERN BLOCKED THON,A
REJECT,A
SPLIT BACK LC BRLTTE,A
BLACK WL TH BSC,A
LACE THONG,A
BLACK WL BSC TH,A
GREY STP SMLS TH,A
CHAI LT HP,B
AMERIC DOTS SMLS HP,B
LACE CHAI CHKY HP,B
BLACK HTHR SMLS BS,B
GREY STP SMLS HP,B
BLK DOTS LT HP,B
LACE CHAI TH BSC,B
LACE BLK TH BSC,B
LACE CHILI TH BSC,B
CRTER CLB BKINI,B
SMLS NUDE TH R/O,C
LACE BLK CHKY HP,C
LACE CHKY HP,C
BLUE LAPIS LACE TH,C
LACE CHILI GLN BSC,C
LACE BLACK GLN BSC,C
LACE WHITE TH BSC,C
BLACK WL TH R/O,C
LACE LEO TH BSC,C
SMLS NUDE BS BSC,D
SMLS BLK BS BSC,D
SMLS BLACK TH R/O,D
LACE WHITE GLN BSC,D
SMLS TH,D
SPICE ALMOND TH,D
LACE BLK CD GLN BSC,D
PNTL TH BLACK,D
CHTER CLB BKINI,D
BLACK WL HP BSC,E
PCTN BLACK TH,E
SEAMLESS BOYSHORT,E
PCTN WHITE TH,E
BLACK LT HP BSC,E
LACE CHAI GLN BSC,E
SMLS BS,E
BLK LT BK BSC,E
NAVY STP CTN CHKY HP,E
NUDE DOT LT BK,E
BLUE LAPIS LT HP,E
VIOLET SMLS HP,E
B/W DOT LT BK,E
BRGHT WHITE LCOT HP,E
SMLS HP,E
SML BLK HTHR HP BSC,F
HIPSTER,F
NAVY LT HP,F
SMLS NUDE HP BSC,F
PRPL LT BK,F
PCTN BLK CRM DOT TH,F
PCTN H GREY TH,F
CTN BLK CHKY HP,F
SMLS BLK HP BSC,F
PNK/BK DOT LT HP BSC,F
WHITE LT BK BSC,F
SMLS MULTIDOT BS BSC,F
WHITE LT HP BSC,F
BLUE SPDYE SMLS HP,F
GREY/WHT LT HP BSC,F
GRY STP WL HP BSC,F
WHITE STRAPPY CAMI,F
PINK GREY STP BK,F
PASTEL PINK LT BK,F
WL HIPSTER,F
WHITE SOLID TANK,F
CTN HTR GRY L HP R/O,F
SEAMLESS HIPSTER,F
CC WHITE LT BK,G
SM GRY/BK STP HP BSC,G
B/W DOT LT BK BSC,G
PCTN BLK CRM DOT BK,G
PCTN PNK/BLK DOTS BK,G
PNTL BLACK TH,G
CC BLACK LT BK,G
PCTN BLACK BK,G
PCTN WHITE BK,G
PCTN NUDE BK BSC,G
PCTN GREY BK,G
GRY/PNK LT HP BSC,G
SMLS MULTIDOT HP BSC,G
SMLS BLK/GRY STP TH RO,G
GRY/WHT LT BK BSC,G
BOYSHORT,G
PLUM DOTS BIKINI,G
BLACK WL HP R/O,G
WHITE WL HP BSC,G
DENIM HTHR BK,G
LILAC HTHR BK,G
SM GRY/BK STP BS BSC,H
CC HTHR GRY LT BK,H
PNTL SOFT SAND TH,H
PNTL HEATHER GREY TH R/O,H
PCTN GRY/WHT STP BK,H
PNK/BLK DOTS LT HP,H
PCTN IVORY BK,H
CC LT BK,H
GRY/WHT LT BK R/O,H
HTHR GREY/WHT LT HP,H
PNTL BK SOFT SAND,H
PNTL BLACK BK,I
PNTL WHITE BK,I
PNTL PASTEL PINK BK,I
PNTL SOFT SAND BK,I
PNTL STEEL HTHR BK,I
PNTL DENIM HTHR BK,I
PNTL BLACK TH R/O,I
PNTL HEATHER GREY,I
PNTL STEEL HTHR BK R/O,I
PNTL IVORY BK BSC,I
PNTL HEATHER GREY TH,I
PNTL TH SOFT SAND,I
CHARCOAL VINES BK,I
BLK WL BK BSC,I
CHAI BUILT LACE BRA,J
LACE BRALETTE,J
SMLS BRALETTE,J
SMLS CAMI,J
LACE ON THE SPOT THN,J
3 PCS SET,J
BLACK WL BK R/O,J
SMLS BLU SPACEDY HP,J
CHRTR CLB BKINI,J
BLACK CTNS L BK,J
BIKINI,J
